member_sk,member_id,member_level,city,valid_from,valid_to,is_current
1,M00001,金卡,台南市,2020-01-01,9999-12-31,Y
2,M00002,白金,高雄市,2020-01-01,9999-12-31,Y
3,M00003,銀卡,新北市,2020-01-01,9999-12-31,Y
4,M00004,金卡,台南市,2020-01-01,9999-12-31,Y
5,M00005,銀卡,新北市,2020-01-01,9999-12-31,Y
6,M00006,銀卡,桃園市,2020-01-01,9999-12-31,Y
7,M00007,金卡,新北市,2020-01-01,9999-12-31,Y
8,M00008,白金,台中市,2020-01-01,9999-12-31,Y
9,M00009,銀卡,桃園市,2020-01-01,9999-12-31,Y
10,M00010,金卡,台中市,2020-01-01,2026-05-31,N
11,M00010,白金,台中市,2026-06-01,9999-12-31,Y
12,M00011,一般,桃園市,2020-01-01,9999-12-31,Y
13,M00012,一般,高雄市,2020-01-01,9999-12-31,Y
14,M00013,白金,新北市,2020-01-01,9999-12-31,Y
15,M00014,白金,高雄市,2020-01-01,2026-05-31,N
16,M00014,白金,高雄市,2026-06-01,9999-12-31,Y
17,M00015,白金,高雄市,2020-01-01,9999-12-31,Y
18,M00016,金卡,高雄市,2020-01-01,9999-12-31,Y
19,M00017,白金,台南市,2020-01-01,9999-12-31,Y
20,M00018,金卡,桃園市,2020-01-01,9999-12-31,Y
21,M00019,金卡,台南市,2020-01-01,2026-05-31,N
22,M00019,白金,台南市,2026-06-01,9999-12-31,Y
23,M00020,白金,台南市,2020-01-01,9999-12-31,Y
24,M00021,銀卡,桃園市,2020-01-01,9999-12-31,Y
25,M00022,一般,新北市,2020-01-01,2026-05-31,N
26,M00022,銀卡,新北市,2026-06-01,9999-12-31,Y
27,M00023,一般,台北市,2020-01-01,9999-12-31,Y
28,M00024,金卡,高雄市,2020-01-01,9999-12-31,Y
29,M00025,白金,高雄市,2020-01-01,9999-12-31,Y
30,M00026,白金,高雄市,2020-01-01,2026-05-31,N
31,M00026,白金,高雄市,2026-06-01,9999-12-31,Y
32,M00027,金卡,桃園市,2020-01-01,2026-05-31,N
33,M00027,白金,桃園市,2026-06-01,9999-12-31,Y
34,M00028,銀卡,台南市,2020-01-01,9999-12-31,Y
35,M00029,一般,台中市,2020-01-01,9999-12-31,Y
36,M00030,白金,新北市,2020-01-01,9999-12-31,Y
37,M00031,金卡,台北市,2020-01-01,9999-12-31,Y
38,M00032,白金,台南市,2020-01-01,9999-12-31,Y
39,M00033,白金,桃園市,2020-01-01,9999-12-31,Y
40,M00034,一般,桃園市,2020-01-01,9999-12-31,Y
41,M00035,銀卡,新北市,2020-01-01,9999-12-31,Y
42,M00036,一般,台中市,2020-01-01,9999-12-31,Y
43,M00037,白金,桃園市,2020-01-01,9999-12-31,Y
44,M00038,金卡,新北市,2020-01-01,9999-12-31,Y
45,M00039,白金,台北市,2020-01-01,9999-12-31,Y
46,M00040,銀卡,桃園市,2020-01-01,9999-12-31,Y
47,M00041,銀卡,台中市,2020-01-01,9999-12-31,Y
48,M00042,金卡,台北市,2020-01-01,9999-12-31,Y
49,M00043,一般,台中市,2020-01-01,9999-12-31,Y
50,M00044,一般,桃園市,2020-01-01,9999-12-31,Y
51,M00045,銀卡,台中市,2020-01-01,9999-12-31,Y
52,M00046,金卡,高雄市,2020-01-01,2026-05-31,N
53,M00046,白金,高雄市,2026-06-01,9999-12-31,Y
54,M00047,一般,高雄市,2020-01-01,9999-12-31,Y
55,M00048,金卡,台南市,2020-01-01,9999-12-31,Y
56,M00049,金卡,台南市,2020-01-01,9999-12-31,Y
57,M00050,金卡,台南市,2020-01-01,9999-12-31,Y
58,M00051,一般,台中市,2020-01-01,9999-12-31,Y
59,M00052,一般,桃園市,2020-01-01,2026-05-31,N
60,M00052,銀卡,桃園市,2026-06-01,9999-12-31,Y
61,M00053,金卡,台中市,2020-01-01,9999-12-31,Y
62,M00054,白金,新北市,2020-01-01,9999-12-31,Y
63,M00055,一般,高雄市,2020-01-01,9999-12-31,Y
64,M00056,一般,台北市,2020-01-01,9999-12-31,Y
65,M00057,銀卡,桃園市,2020-01-01,9999-12-31,Y
66,M00058,銀卡,台北市,2020-01-01,2026-05-31,N
67,M00058,金卡,台北市,2026-06-01,9999-12-31,Y
68,M00059,銀卡,桃園市,2020-01-01,2026-05-31,N
69,M00059,金卡,桃園市,2026-06-01,9999-12-31,Y
70,M00060,銀卡,台南市,2020-01-01,9999-12-31,Y
71,M00061,一般,桃園市,2020-01-01,9999-12-31,Y
72,M00062,一般,台南市,2020-01-01,2026-05-31,N
73,M00062,銀卡,台南市,2026-06-01,9999-12-31,Y
74,M00063,銀卡,高雄市,2020-01-01,9999-12-31,Y
75,M00064,銀卡,台中市,2020-01-01,9999-12-31,Y
76,M00065,金卡,桃園市,2020-01-01,9999-12-31,Y
77,M00066,白金,台中市,2020-01-01,9999-12-31,Y
78,M00067,一般,台南市,2020-01-01,9999-12-31,Y
79,M00068,白金,台南市,2020-01-01,9999-12-31,Y
80,M00069,金卡,台中市,2020-01-01,9999-12-31,Y
81,M00070,一般,台北市,2020-01-01,2026-05-31,N
82,M00070,銀卡,台北市,2026-06-01,9999-12-31,Y
83,M00071,金卡,台中市,2020-01-01,9999-12-31,Y
84,M00072,銀卡,新北市,2020-01-01,9999-12-31,Y
85,M00073,白金,台北市,2020-01-01,9999-12-31,Y
86,M00074,一般,高雄市,2020-01-01,9999-12-31,Y
87,M00075,白金,台中市,2020-01-01,9999-12-31,Y
88,M00076,銀卡,台北市,2020-01-01,9999-12-31,Y
89,M00077,銀卡,新北市,2020-01-01,9999-12-31,Y
90,M00078,白金,台南市,2020-01-01,9999-12-31,Y
91,M00079,銀卡,台南市,2020-01-01,9999-12-31,Y
92,M00080,銀卡,高雄市,2020-01-01,9999-12-31,Y
93,M00081,金卡,台中市,2020-01-01,9999-12-31,Y
94,M00082,金卡,高雄市,2020-01-01,9999-12-31,Y
95,M00083,銀卡,台中市,2020-01-01,9999-12-31,Y
96,M00084,一般,台南市,2020-01-01,9999-12-31,Y
97,M00085,金卡,桃園市,2020-01-01,9999-12-31,Y
98,M00086,銀卡,台北市,2020-01-01,9999-12-31,Y
99,M00087,金卡,台北市,2020-01-01,9999-12-31,Y
100,M00088,銀卡,台北市,2020-01-01,9999-12-31,Y
101,M00089,銀卡,新北市,2020-01-01,9999-12-31,Y
102,M00090,銀卡,台南市,2020-01-01,2026-05-31,N
103,M00090,金卡,台南市,2026-06-01,9999-12-31,Y
104,M00091,金卡,高雄市,2020-01-01,9999-12-31,Y
105,M00092,銀卡,新北市,2020-01-01,2026-05-31,N
106,M00092,金卡,新北市,2026-06-01,9999-12-31,Y
107,M00093,金卡,台中市,2020-01-01,9999-12-31,Y
108,M00094,一般,台南市,2020-01-01,9999-12-31,Y
109,M00095,白金,高雄市,2020-01-01,9999-12-31,Y
110,M00096,銀卡,桃園市,2020-01-01,9999-12-31,Y
111,M00097,銀卡,高雄市,2020-01-01,9999-12-31,Y
112,M00098,銀卡,桃園市,2020-01-01,9999-12-31,Y
113,M00099,白金,台南市,2020-01-01,9999-12-31,Y
114,M00100,金卡,新北市,2020-01-01,9999-12-31,Y
115,M00101,金卡,新北市,2020-01-01,9999-12-31,Y
116,M00102,一般,台南市,2020-01-01,9999-12-31,Y
117,M00103,白金,新北市,2020-01-01,9999-12-31,Y
118,M00104,白金,台北市,2020-01-01,9999-12-31,Y
119,M00105,白金,新北市,2020-01-01,9999-12-31,Y
120,M00106,金卡,台南市,2020-01-01,9999-12-31,Y
121,M00107,白金,桃園市,2020-01-01,9999-12-31,Y
122,M00108,白金,新北市,2020-01-01,9999-12-31,Y
123,M00109,白金,台南市,2020-01-01,2026-05-31,N
124,M00109,白金,台南市,2026-06-01,9999-12-31,Y
125,M00110,銀卡,高雄市,2020-01-01,9999-12-31,Y
126,M00111,銀卡,高雄市,2020-01-01,9999-12-31,Y
127,M00112,一般,高雄市,2020-01-01,9999-12-31,Y
128,M00113,金卡,高雄市,2020-01-01,9999-12-31,Y
129,M00114,銀卡,新北市,2020-01-01,9999-12-31,Y
130,M00115,白金,台北市,2020-01-01,2026-05-31,N
131,M00115,白金,台北市,2026-06-01,9999-12-31,Y
132,M00116,金卡,新北市,2020-01-01,2026-05-31,N
133,M00116,白金,新北市,2026-06-01,9999-12-31,Y
134,M00117,白金,桃園市,2020-01-01,2026-05-31,N
135,M00117,白金,桃園市,2026-06-01,9999-12-31,Y
136,M00118,白金,桃園市,2020-01-01,9999-12-31,Y
137,M00119,金卡,新北市,2020-01-01,9999-12-31,Y
138,M00120,銀卡,台北市,2020-01-01,9999-12-31,Y
139,M00121,金卡,台中市,2020-01-01,2026-05-31,N
140,M00121,白金,台中市,2026-06-01,9999-12-31,Y
141,M00122,金卡,新北市,2020-01-01,9999-12-31,Y
142,M00123,一般,新北市,2020-01-01,9999-12-31,Y
143,M00124,銀卡,台南市,2020-01-01,9999-12-31,Y
144,M00125,白金,桃園市,2020-01-01,9999-12-31,Y
145,M00126,一般,台南市,2020-01-01,9999-12-31,Y
146,M00127,白金,桃園市,2020-01-01,9999-12-31,Y
147,M00128,一般,新北市,2020-01-01,9999-12-31,Y
148,M00129,銀卡,台北市,2020-01-01,9999-12-31,Y
149,M00130,金卡,台南市,2020-01-01,9999-12-31,Y
150,M00131,銀卡,台中市,2020-01-01,9999-12-31,Y
151,M00132,一般,桃園市,2020-01-01,9999-12-31,Y
152,M00133,一般,台中市,2020-01-01,9999-12-31,Y
153,M00134,白金,台北市,2020-01-01,9999-12-31,Y
154,M00135,白金,台南市,2020-01-01,2026-05-31,N
155,M00135,白金,台南市,2026-06-01,9999-12-31,Y
156,M00136,一般,台北市,2020-01-01,2026-05-31,N
157,M00136,銀卡,台北市,2026-06-01,9999-12-31,Y
158,M00137,銀卡,桃園市,2020-01-01,9999-12-31,Y
159,M00138,一般,桃園市,2020-01-01,9999-12-31,Y
160,M00139,金卡,台南市,2020-01-01,9999-12-31,Y
161,M00140,白金,新北市,2020-01-01,9999-12-31,Y
162,M00141,銀卡,新北市,2020-01-01,9999-12-31,Y
163,M00142,金卡,桃園市,2020-01-01,9999-12-31,Y
164,M00143,白金,桃園市,2020-01-01,9999-12-31,Y
165,M00144,金卡,台中市,2020-01-01,9999-12-31,Y
166,M00145,一般,台南市,2020-01-01,9999-12-31,Y
167,M00146,金卡,桃園市,2020-01-01,9999-12-31,Y
168,M00147,一般,台南市,2020-01-01,9999-12-31,Y
169,M00148,一般,桃園市,2020-01-01,2026-05-31,N
170,M00148,銀卡,桃園市,2026-06-01,9999-12-31,Y
171,M00149,金卡,高雄市,2020-01-01,2026-05-31,N
172,M00149,白金,高雄市,2026-06-01,9999-12-31,Y
173,M00150,白金,台南市,2020-01-01,2026-05-31,N
174,M00150,白金,台南市,2026-06-01,9999-12-31,Y
175,M00151,白金,台南市,2020-01-01,9999-12-31,Y
176,M00152,一般,台北市,2020-01-01,9999-12-31,Y
177,M00153,銀卡,台北市,2020-01-01,9999-12-31,Y
178,M00154,金卡,桃園市,2020-01-01,9999-12-31,Y
179,M00155,白金,台中市,2020-01-01,9999-12-31,Y
180,M00156,白金,新北市,2020-01-01,9999-12-31,Y
181,M00157,一般,新北市,2020-01-01,9999-12-31,Y
182,M00158,白金,台南市,2020-01-01,9999-12-31,Y
183,M00159,白金,台南市,2020-01-01,9999-12-31,Y
184,M00160,金卡,高雄市,2020-01-01,9999-12-31,Y
185,M00161,銀卡,桃園市,2020-01-01,9999-12-31,Y
186,M00162,金卡,新北市,2020-01-01,9999-12-31,Y
187,M00163,金卡,新北市,2020-01-01,9999-12-31,Y
188,M00164,金卡,台南市,2020-01-01,9999-12-31,Y
189,M00165,一般,台中市,2020-01-01,9999-12-31,Y
190,M00166,白金,高雄市,2020-01-01,9999-12-31,Y
191,M00167,一般,台北市,2020-01-01,9999-12-31,Y
192,M00168,一般,桃園市,2020-01-01,9999-12-31,Y
193,M00169,金卡,高雄市,2020-01-01,9999-12-31,Y
194,M00170,白金,桃園市,2020-01-01,2026-05-31,N
195,M00170,白金,桃園市,2026-06-01,9999-12-31,Y
196,M00171,白金,桃園市,2020-01-01,9999-12-31,Y
197,M00172,一般,高雄市,2020-01-01,9999-12-31,Y
198,M00173,金卡,桃園市,2020-01-01,2026-05-31,N
199,M00173,白金,桃園市,2026-06-01,9999-12-31,Y
200,M00174,金卡,台北市,2020-01-01,2026-05-31,N
201,M00174,白金,台北市,2026-06-01,9999-12-31,Y
202,M00175,白金,台北市,2020-01-01,9999-12-31,Y
203,M00176,金卡,桃園市,2020-01-01,9999-12-31,Y
204,M00177,銀卡,台南市,2020-01-01,2026-05-31,N
205,M00177,金卡,台南市,2026-06-01,9999-12-31,Y
206,M00178,一般,台南市,2020-01-01,9999-12-31,Y
207,M00179,一般,台南市,2020-01-01,9999-12-31,Y
208,M00180,一般,台南市,2020-01-01,2026-05-31,N
209,M00180,銀卡,台南市,2026-06-01,9999-12-31,Y
210,M00181,白金,台中市,2020-01-01,9999-12-31,Y
211,M00182,銀卡,台中市,2020-01-01,9999-12-31,Y
212,M00183,銀卡,新北市,2020-01-01,9999-12-31,Y
213,M00184,銀卡,台中市,2020-01-01,9999-12-31,Y
214,M00185,金卡,高雄市,2020-01-01,9999-12-31,Y
215,M00186,一般,新北市,2020-01-01,9999-12-31,Y
216,M00187,銀卡,高雄市,2020-01-01,2026-05-31,N
217,M00187,金卡,高雄市,2026-06-01,9999-12-31,Y
218,M00188,銀卡,新北市,2020-01-01,9999-12-31,Y
219,M00189,一般,高雄市,2020-01-01,9999-12-31,Y
220,M00190,白金,台北市,2020-01-01,2026-05-31,N
221,M00190,白金,台北市,2026-06-01,9999-12-31,Y
222,M00191,金卡,台南市,2020-01-01,9999-12-31,Y
223,M00192,一般,桃園市,2020-01-01,2026-05-31,N
224,M00192,銀卡,桃園市,2026-06-01,9999-12-31,Y
225,M00193,金卡,台中市,2020-01-01,2026-05-31,N
226,M00193,白金,台中市,2026-06-01,9999-12-31,Y
227,M00194,白金,新北市,2020-01-01,9999-12-31,Y
228,M00195,金卡,台北市,2020-01-01,9999-12-31,Y
229,M00196,白金,新北市,2020-01-01,9999-12-31,Y
230,M00197,金卡,新北市,2020-01-01,9999-12-31,Y
231,M00198,白金,台中市,2020-01-01,9999-12-31,Y
232,M00199,金卡,台中市,2020-01-01,2026-05-31,N
233,M00199,白金,台中市,2026-06-01,9999-12-31,Y
234,M00200,銀卡,桃園市,2020-01-01,9999-12-31,Y
235,M00201,銀卡,高雄市,2020-01-01,2026-05-31,N
236,M00201,金卡,高雄市,2026-06-01,9999-12-31,Y
237,M00202,白金,高雄市,2020-01-01,9999-12-31,Y
238,M00203,金卡,台南市,2020-01-01,9999-12-31,Y
239,M00204,白金,桃園市,2020-01-01,9999-12-31,Y
240,M00205,白金,台中市,2020-01-01,9999-12-31,Y
241,M00206,金卡,新北市,2020-01-01,9999-12-31,Y
242,M00207,白金,新北市,2020-01-01,9999-12-31,Y
243,M00208,一般,台北市,2020-01-01,9999-12-31,Y
244,M00209,銀卡,新北市,2020-01-01,9999-12-31,Y
245,M00210,銀卡,新北市,2020-01-01,9999-12-31,Y
246,M00211,金卡,台南市,2020-01-01,2026-05-31,N
247,M00211,白金,台南市,2026-06-01,9999-12-31,Y
248,M00212,金卡,高雄市,2020-01-01,9999-12-31,Y
249,M00213,白金,台北市,2020-01-01,9999-12-31,Y
250,M00214,金卡,台南市,2020-01-01,9999-12-31,Y
251,M00215,白金,高雄市,2020-01-01,9999-12-31,Y
252,M00216,一般,高雄市,2020-01-01,9999-12-31,Y
253,M00217,金卡,高雄市,2020-01-01,2026-05-31,N
254,M00217,白金,高雄市,2026-06-01,9999-12-31,Y
255,M00218,金卡,高雄市,2020-01-01,9999-12-31,Y
256,M00219,一般,台中市,2020-01-01,9999-12-31,Y
257,M00220,白金,台中市,2020-01-01,9999-12-31,Y
258,M00221,白金,台中市,2020-01-01,9999-12-31,Y
259,M00222,銀卡,台北市,2020-01-01,9999-12-31,Y
260,M00223,銀卡,台中市,2020-01-01,9999-12-31,Y
261,M00224,白金,新北市,2020-01-01,9999-12-31,Y
262,M00225,一般,高雄市,2020-01-01,9999-12-31,Y
263,M00226,一般,台北市,2020-01-01,9999-12-31,Y
264,M00227,金卡,桃園市,2020-01-01,9999-12-31,Y
265,M00228,金卡,桃園市,2020-01-01,9999-12-31,Y
266,M00229,一般,台北市,2020-01-01,2026-05-31,N
267,M00229,銀卡,台北市,2026-06-01,9999-12-31,Y
268,M00230,白金,桃園市,2020-01-01,2026-05-31,N
269,M00230,白金,桃園市,2026-06-01,9999-12-31,Y
270,M00231,金卡,高雄市,2020-01-01,9999-12-31,Y
271,M00232,一般,台北市,2020-01-01,2026-05-31,N
272,M00232,銀卡,台北市,2026-06-01,9999-12-31,Y
273,M00233,一般,台北市,2020-01-01,2026-05-31,N
274,M00233,銀卡,台北市,2026-06-01,9999-12-31,Y
275,M00234,銀卡,台中市,2020-01-01,9999-12-31,Y
276,M00235,銀卡,桃園市,2020-01-01,9999-12-31,Y
277,M00236,金卡,台北市,2020-01-01,2026-05-31,N
278,M00236,白金,台北市,2026-06-01,9999-12-31,Y
279,M00237,一般,台中市,2020-01-01,9999-12-31,Y
280,M00238,一般,桃園市,2020-01-01,9999-12-31,Y
281,M00239,白金,新北市,2020-01-01,9999-12-31,Y
282,M00240,一般,桃園市,2020-01-01,2026-05-31,N
283,M00240,銀卡,桃園市,2026-06-01,9999-12-31,Y
284,M00241,白金,台北市,2020-01-01,2026-05-31,N
285,M00241,白金,台北市,2026-06-01,9999-12-31,Y
286,M00242,金卡,新北市,2020-01-01,9999-12-31,Y
287,M00243,一般,桃園市,2020-01-01,9999-12-31,Y
288,M00244,銀卡,台中市,2020-01-01,9999-12-31,Y
289,M00245,白金,高雄市,2020-01-01,9999-12-31,Y
290,M00246,一般,台南市,2020-01-01,9999-12-31,Y
291,M00247,一般,新北市,2020-01-01,2026-05-31,N
292,M00247,銀卡,新北市,2026-06-01,9999-12-31,Y
293,M00248,一般,桃園市,2020-01-01,9999-12-31,Y
294,M00249,白金,高雄市,2020-01-01,9999-12-31,Y
295,M00250,白金,高雄市,2020-01-01,9999-12-31,Y
296,M00251,銀卡,新北市,2020-01-01,2026-05-31,N
297,M00251,金卡,新北市,2026-06-01,9999-12-31,Y
298,M00252,白金,台北市,2020-01-01,9999-12-31,Y
299,M00253,銀卡,台南市,2020-01-01,9999-12-31,Y
300,M00254,金卡,新北市,2020-01-01,9999-12-31,Y
301,M00255,一般,高雄市,2020-01-01,9999-12-31,Y
302,M00256,一般,台南市,2020-01-01,9999-12-31,Y
303,M00257,銀卡,新北市,2020-01-01,2026-05-31,N
304,M00257,金卡,新北市,2026-06-01,9999-12-31,Y
305,M00258,金卡,台北市,2020-01-01,9999-12-31,Y
306,M00259,白金,台中市,2020-01-01,9999-12-31,Y
307,M00260,金卡,台南市,2020-01-01,9999-12-31,Y
308,M00261,一般,台北市,2020-01-01,9999-12-31,Y
309,M00262,銀卡,台南市,2020-01-01,9999-12-31,Y
310,M00263,一般,台北市,2020-01-01,9999-12-31,Y
311,M00264,銀卡,台北市,2020-01-01,9999-12-31,Y
312,M00265,金卡,台南市,2020-01-01,9999-12-31,Y
313,M00266,一般,台中市,2020-01-01,9999-12-31,Y
314,M00267,金卡,台南市,2020-01-01,9999-12-31,Y
315,M00268,銀卡,台中市,2020-01-01,9999-12-31,Y
316,M00269,銀卡,新北市,2020-01-01,9999-12-31,Y
317,M00270,銀卡,高雄市,2020-01-01,9999-12-31,Y
318,M00271,金卡,新北市,2020-01-01,9999-12-31,Y
319,M00272,銀卡,桃園市,2020-01-01,2026-05-31,N
320,M00272,金卡,桃園市,2026-06-01,9999-12-31,Y
321,M00273,銀卡,台北市,2020-01-01,9999-12-31,Y
322,M00274,金卡,台中市,2020-01-01,9999-12-31,Y
323,M00275,金卡,台中市,2020-01-01,9999-12-31,Y
324,M00276,一般,桃園市,2020-01-01,9999-12-31,Y
325,M00277,白金,台中市,2020-01-01,9999-12-31,Y
326,M00278,白金,桃園市,2020-01-01,9999-12-31,Y
327,M00279,銀卡,台南市,2020-01-01,9999-12-31,Y
328,M00280,金卡,高雄市,2020-01-01,9999-12-31,Y
329,M00281,一般,新北市,2020-01-01,2026-05-31,N
330,M00281,銀卡,新北市,2026-06-01,9999-12-31,Y
331,M00282,金卡,新北市,2020-01-01,9999-12-31,Y
332,M00283,一般,新北市,2020-01-01,9999-12-31,Y
333,M00284,銀卡,新北市,2020-01-01,9999-12-31,Y
334,M00285,金卡,台南市,2020-01-01,9999-12-31,Y
335,M00286,白金,台中市,2020-01-01,9999-12-31,Y
336,M00287,白金,台南市,2020-01-01,9999-12-31,Y
337,M00288,銀卡,台北市,2020-01-01,9999-12-31,Y
338,M00289,銀卡,台南市,2020-01-01,9999-12-31,Y
339,M00290,一般,桃園市,2020-01-01,2026-05-31,N
340,M00290,銀卡,桃園市,2026-06-01,9999-12-31,Y
341,M00291,一般,桃園市,2020-01-01,9999-12-31,Y
342,M00292,一般,台北市,2020-01-01,9999-12-31,Y
343,M00293,一般,桃園市,2020-01-01,9999-12-31,Y
344,M00294,一般,台北市,2020-01-01,9999-12-31,Y
345,M00295,銀卡,桃園市,2020-01-01,9999-12-31,Y
346,M00296,金卡,台南市,2020-01-01,9999-12-31,Y
347,M00297,金卡,台南市,2020-01-01,2026-05-31,N
348,M00297,白金,台南市,2026-06-01,9999-12-31,Y
349,M00298,一般,台中市,2020-01-01,9999-12-31,Y
350,M00299,銀卡,桃園市,2020-01-01,9999-12-31,Y
351,M00300,金卡,桃園市,2020-01-01,9999-12-31,Y
352,M00301,銀卡,新北市,2020-01-01,9999-12-31,Y
353,M00302,金卡,台中市,2020-01-01,9999-12-31,Y
354,M00303,銀卡,新北市,2020-01-01,9999-12-31,Y
355,M00304,白金,桃園市,2020-01-01,9999-12-31,Y
356,M00305,銀卡,新北市,2020-01-01,2026-05-31,N
357,M00305,金卡,新北市,2026-06-01,9999-12-31,Y
358,M00306,銀卡,台南市,2020-01-01,9999-12-31,Y
359,M00307,白金,台南市,2020-01-01,9999-12-31,Y
360,M00308,白金,台北市,2020-01-01,9999-12-31,Y
361,M00309,白金,台南市,2020-01-01,9999-12-31,Y
362,M00310,白金,台南市,2020-01-01,9999-12-31,Y
363,M00311,金卡,台南市,2020-01-01,9999-12-31,Y
364,M00312,金卡,新北市,2020-01-01,2026-05-31,N
365,M00312,白金,新北市,2026-06-01,9999-12-31,Y
366,M00313,白金,新北市,2020-01-01,9999-12-31,Y
367,M00314,銀卡,台中市,2020-01-01,9999-12-31,Y
368,M00315,一般,台南市,2020-01-01,9999-12-31,Y
369,M00316,銀卡,新北市,2020-01-01,2026-05-31,N
370,M00316,金卡,新北市,2026-06-01,9999-12-31,Y
371,M00317,一般,台南市,2020-01-01,2026-05-31,N
372,M00317,銀卡,台南市,2026-06-01,9999-12-31,Y
373,M00318,金卡,高雄市,2020-01-01,9999-12-31,Y
374,M00319,一般,高雄市,2020-01-01,9999-12-31,Y
375,M00320,一般,台中市,2020-01-01,9999-12-31,Y
376,M00321,金卡,台北市,2020-01-01,9999-12-31,Y
377,M00322,金卡,台北市,2020-01-01,9999-12-31,Y
378,M00323,白金,新北市,2020-01-01,9999-12-31,Y
379,M00324,白金,台北市,2020-01-01,9999-12-31,Y
380,M00325,一般,新北市,2020-01-01,9999-12-31,Y
381,M00326,金卡,新北市,2020-01-01,9999-12-31,Y
382,M00327,白金,桃園市,2020-01-01,2026-05-31,N
383,M00327,白金,桃園市,2026-06-01,9999-12-31,Y
384,M00328,一般,高雄市,2020-01-01,9999-12-31,Y
385,M00329,金卡,台中市,2020-01-01,2026-05-31,N
386,M00329,白金,台中市,2026-06-01,9999-12-31,Y
387,M00330,銀卡,新北市,2020-01-01,9999-12-31,Y
388,M00331,金卡,台北市,2020-01-01,9999-12-31,Y
389,M00332,銀卡,台中市,2020-01-01,9999-12-31,Y
390,M00333,金卡,桃園市,2020-01-01,9999-12-31,Y
391,M00334,銀卡,高雄市,2020-01-01,9999-12-31,Y
392,M00335,白金,台南市,2020-01-01,9999-12-31,Y
393,M00336,銀卡,桃園市,2020-01-01,9999-12-31,Y
394,M00337,金卡,高雄市,2020-01-01,9999-12-31,Y
395,M00338,銀卡,高雄市,2020-01-01,2026-05-31,N
396,M00338,金卡,高雄市,2026-06-01,9999-12-31,Y
397,M00339,銀卡,台北市,2020-01-01,9999-12-31,Y
398,M00340,一般,台中市,2020-01-01,9999-12-31,Y
399,M00341,白金,台北市,2020-01-01,9999-12-31,Y
400,M00342,一般,桃園市,2020-01-01,9999-12-31,Y
401,M00343,銀卡,新北市,2020-01-01,9999-12-31,Y
402,M00344,金卡,台北市,2020-01-01,9999-12-31,Y
403,M00345,金卡,桃園市,2020-01-01,9999-12-31,Y
404,M00346,白金,桃園市,2020-01-01,9999-12-31,Y
405,M00347,銀卡,桃園市,2020-01-01,9999-12-31,Y
406,M00348,金卡,高雄市,2020-01-01,9999-12-31,Y
407,M00349,一般,桃園市,2020-01-01,9999-12-31,Y
408,M00350,一般,桃園市,2020-01-01,2026-05-31,N
409,M00350,銀卡,桃園市,2026-06-01,9999-12-31,Y
410,M00351,一般,台南市,2020-01-01,9999-12-31,Y
411,M00352,金卡,台北市,2020-01-01,2026-05-31,N
412,M00352,白金,台北市,2026-06-01,9999-12-31,Y
413,M00353,白金,高雄市,2020-01-01,9999-12-31,Y
414,M00354,白金,新北市,2020-01-01,9999-12-31,Y
415,M00355,銀卡,台北市,2020-01-01,9999-12-31,Y
416,M00356,一般,桃園市,2020-01-01,9999-12-31,Y
417,M00357,金卡,新北市,2020-01-01,2026-05-31,N
418,M00357,白金,新北市,2026-06-01,9999-12-31,Y
419,M00358,一般,高雄市,2020-01-01,2026-05-31,N
420,M00358,銀卡,高雄市,2026-06-01,9999-12-31,Y
421,M00359,白金,台中市,2020-01-01,9999-12-31,Y
422,M00360,金卡,台南市,2020-01-01,9999-12-31,Y
423,M00361,白金,台北市,2020-01-01,9999-12-31,Y
424,M00362,白金,桃園市,2020-01-01,9999-12-31,Y
425,M00363,一般,台北市,2020-01-01,9999-12-31,Y
426,M00364,一般,台中市,2020-01-01,9999-12-31,Y
427,M00365,一般,台南市,2020-01-01,2026-05-31,N
428,M00365,銀卡,台南市,2026-06-01,9999-12-31,Y
429,M00366,白金,台北市,2020-01-01,9999-12-31,Y
430,M00367,白金,高雄市,2020-01-01,9999-12-31,Y
431,M00368,白金,台中市,2020-01-01,9999-12-31,Y
432,M00369,銀卡,新北市,2020-01-01,9999-12-31,Y
433,M00370,白金,台南市,2020-01-01,9999-12-31,Y
434,M00371,白金,新北市,2020-01-01,9999-12-31,Y
435,M00372,金卡,台南市,2020-01-01,2026-05-31,N
436,M00372,白金,台南市,2026-06-01,9999-12-31,Y
437,M00373,銀卡,台中市,2020-01-01,9999-12-31,Y
438,M00374,銀卡,高雄市,2020-01-01,9999-12-31,Y
439,M00375,金卡,台北市,2020-01-01,9999-12-31,Y
440,M00376,一般,桃園市,2020-01-01,2026-05-31,N
441,M00376,銀卡,桃園市,2026-06-01,9999-12-31,Y
442,M00377,銀卡,台中市,2020-01-01,9999-12-31,Y
443,M00378,金卡,台北市,2020-01-01,9999-12-31,Y
444,M00379,銀卡,高雄市,2020-01-01,9999-12-31,Y
445,M00380,白金,台南市,2020-01-01,9999-12-31,Y
446,M00381,一般,桃園市,2020-01-01,9999-12-31,Y
447,M00382,金卡,新北市,2020-01-01,9999-12-31,Y
448,M00383,白金,台中市,2020-01-01,9999-12-31,Y
449,M00384,白金,新北市,2020-01-01,9999-12-31,Y
450,M00385,一般,桃園市,2020-01-01,9999-12-31,Y
451,M00386,銀卡,桃園市,2020-01-01,2026-05-31,N
452,M00386,金卡,桃園市,2026-06-01,9999-12-31,Y
453,M00387,金卡,台南市,2020-01-01,9999-12-31,Y
454,M00388,白金,高雄市,2020-01-01,9999-12-31,Y
455,M00389,銀卡,台北市,2020-01-01,9999-12-31,Y
456,M00390,一般,新北市,2020-01-01,9999-12-31,Y
457,M00391,銀卡,新北市,2020-01-01,9999-12-31,Y
458,M00392,金卡,台南市,2020-01-01,9999-12-31,Y
459,M00393,一般,台北市,2020-01-01,9999-12-31,Y
460,M00394,一般,台中市,2020-01-01,9999-12-31,Y
461,M00395,一般,高雄市,2020-01-01,9999-12-31,Y
462,M00396,金卡,高雄市,2020-01-01,9999-12-31,Y
463,M00397,一般,台北市,2020-01-01,9999-12-31,Y
464,M00398,一般,高雄市,2020-01-01,9999-12-31,Y
465,M00399,銀卡,台中市,2020-01-01,9999-12-31,Y
466,M00400,一般,台北市,2020-01-01,9999-12-31,Y
467,M00401,金卡,高雄市,2020-01-01,9999-12-31,Y
468,M00402,金卡,台北市,2020-01-01,2026-05-31,N
469,M00402,白金,台北市,2026-06-01,9999-12-31,Y
470,M00403,白金,台北市,2020-01-01,9999-12-31,Y
471,M00404,銀卡,台南市,2020-01-01,9999-12-31,Y
472,M00405,金卡,台北市,2020-01-01,9999-12-31,Y
473,M00406,一般,台中市,2020-01-01,9999-12-31,Y
474,M00407,一般,高雄市,2020-01-01,9999-12-31,Y
475,M00408,銀卡,桃園市,2020-01-01,9999-12-31,Y
476,M00409,銀卡,桃園市,2020-01-01,9999-12-31,Y
477,M00410,銀卡,高雄市,2020-01-01,9999-12-31,Y
478,M00411,白金,高雄市,2020-01-01,9999-12-31,Y
479,M00412,一般,高雄市,2020-01-01,2026-05-31,N
480,M00412,銀卡,高雄市,2026-06-01,9999-12-31,Y
481,M00413,銀卡,台中市,2020-01-01,9999-12-31,Y
482,M00414,一般,台南市,2020-01-01,9999-12-31,Y
483,M00415,銀卡,桃園市,2020-01-01,9999-12-31,Y
484,M00416,白金,台北市,2020-01-01,9999-12-31,Y
485,M00417,白金,台南市,2020-01-01,9999-12-31,Y
486,M00418,白金,新北市,2020-01-01,9999-12-31,Y
487,M00419,白金,高雄市,2020-01-01,9999-12-31,Y
488,M00420,一般,桃園市,2020-01-01,9999-12-31,Y
489,M00421,金卡,新北市,2020-01-01,9999-12-31,Y
490,M00422,銀卡,高雄市,2020-01-01,9999-12-31,Y
491,M00423,白金,台中市,2020-01-01,9999-12-31,Y
492,M00424,金卡,台中市,2020-01-01,9999-12-31,Y
493,M00425,一般,台北市,2020-01-01,9999-12-31,Y
494,M00426,金卡,新北市,2020-01-01,2026-05-31,N
495,M00426,白金,新北市,2026-06-01,9999-12-31,Y
496,M00427,一般,台中市,2020-01-01,2026-05-31,N
497,M00427,銀卡,台中市,2026-06-01,9999-12-31,Y
498,M00428,銀卡,台北市,2020-01-01,9999-12-31,Y
499,M00429,一般,台中市,2020-01-01,9999-12-31,Y
500,M00430,銀卡,高雄市,2020-01-01,9999-12-31,Y
501,M00431,金卡,高雄市,2020-01-01,9999-12-31,Y
502,M00432,白金,新北市,2020-01-01,9999-12-31,Y
503,M00433,銀卡,台南市,2020-01-01,2026-05-31,N
504,M00433,金卡,台南市,2026-06-01,9999-12-31,Y
505,M00434,一般,台南市,2020-01-01,9999-12-31,Y
506,M00435,一般,桃園市,2020-01-01,9999-12-31,Y
507,M00436,金卡,新北市,2020-01-01,9999-12-31,Y
508,M00437,金卡,新北市,2020-01-01,9999-12-31,Y
509,M00438,白金,台南市,2020-01-01,9999-12-31,Y
510,M00439,一般,桃園市,2020-01-01,9999-12-31,Y
511,M00440,銀卡,新北市,2020-01-01,9999-12-31,Y
512,M00441,金卡,台南市,2020-01-01,9999-12-31,Y
513,M00442,一般,台北市,2020-01-01,2026-05-31,N
514,M00442,銀卡,台北市,2026-06-01,9999-12-31,Y
515,M00443,一般,桃園市,2020-01-01,9999-12-31,Y
516,M00444,一般,台北市,2020-01-01,9999-12-31,Y
517,M00445,一般,台北市,2020-01-01,9999-12-31,Y
518,M00446,銀卡,台中市,2020-01-01,9999-12-31,Y
519,M00447,金卡,台北市,2020-01-01,9999-12-31,Y
520,M00448,金卡,台北市,2020-01-01,9999-12-31,Y
521,M00449,金卡,高雄市,2020-01-01,9999-12-31,Y
522,M00450,銀卡,台中市,2020-01-01,9999-12-31,Y
523,M00451,一般,桃園市,2020-01-01,9999-12-31,Y
524,M00452,白金,桃園市,2020-01-01,9999-12-31,Y
525,M00453,金卡,桃園市,2020-01-01,9999-12-31,Y
526,M00454,一般,台北市,2020-01-01,2026-05-31,N
527,M00454,銀卡,台北市,2026-06-01,9999-12-31,Y
528,M00455,一般,新北市,2020-01-01,9999-12-31,Y
529,M00456,金卡,台南市,2020-01-01,9999-12-31,Y
530,M00457,金卡,台北市,2020-01-01,9999-12-31,Y
531,M00458,金卡,桃園市,2020-01-01,9999-12-31,Y
532,M00459,白金,台南市,2020-01-01,9999-12-31,Y
533,M00460,金卡,台南市,2020-01-01,9999-12-31,Y
534,M00461,白金,桃園市,2020-01-01,9999-12-31,Y
535,M00462,銀卡,新北市,2020-01-01,9999-12-31,Y
536,M00463,一般,台南市,2020-01-01,9999-12-31,Y
537,M00464,金卡,台南市,2020-01-01,9999-12-31,Y
538,M00465,白金,台中市,2020-01-01,9999-12-31,Y
539,M00466,一般,台北市,2020-01-01,2026-05-31,N
540,M00466,銀卡,台北市,2026-06-01,9999-12-31,Y
541,M00467,白金,新北市,2020-01-01,9999-12-31,Y
542,M00468,銀卡,新北市,2020-01-01,2026-05-31,N
543,M00468,金卡,新北市,2026-06-01,9999-12-31,Y
544,M00469,金卡,台北市,2020-01-01,9999-12-31,Y
545,M00470,金卡,台南市,2020-01-01,9999-12-31,Y
546,M00471,白金,高雄市,2020-01-01,9999-12-31,Y
547,M00472,白金,台南市,2020-01-01,2026-05-31,N
548,M00472,白金,台南市,2026-06-01,9999-12-31,Y
549,M00473,銀卡,新北市,2020-01-01,9999-12-31,Y
550,M00474,金卡,高雄市,2020-01-01,9999-12-31,Y
551,M00475,白金,台中市,2020-01-01,9999-12-31,Y
552,M00476,金卡,新北市,2020-01-01,9999-12-31,Y
553,M00477,一般,高雄市,2020-01-01,9999-12-31,Y
554,M00478,金卡,高雄市,2020-01-01,9999-12-31,Y
555,M00479,一般,高雄市,2020-01-01,9999-12-31,Y
556,M00480,白金,桃園市,2020-01-01,9999-12-31,Y
557,M00481,一般,台北市,2020-01-01,9999-12-31,Y
558,M00482,白金,桃園市,2020-01-01,9999-12-31,Y
559,M00483,一般,高雄市,2020-01-01,9999-12-31,Y
560,M00484,銀卡,高雄市,2020-01-01,9999-12-31,Y
561,M00485,銀卡,台中市,2020-01-01,9999-12-31,Y
562,M00486,白金,新北市,2020-01-01,9999-12-31,Y
563,M00487,銀卡,台北市,2020-01-01,9999-12-31,Y
564,M00488,一般,新北市,2020-01-01,9999-12-31,Y
565,M00489,金卡,台北市,2020-01-01,9999-12-31,Y
566,M00490,白金,台中市,2020-01-01,2026-05-31,N
567,M00490,白金,台中市,2026-06-01,9999-12-31,Y
568,M00491,一般,台南市,2020-01-01,2026-05-31,N
569,M00491,銀卡,台南市,2026-06-01,9999-12-31,Y
570,M00492,一般,台南市,2020-01-01,9999-12-31,Y
571,M00493,金卡,台北市,2020-01-01,9999-12-31,Y
572,M00494,一般,桃園市,2020-01-01,9999-12-31,Y
573,M00495,一般,新北市,2020-01-01,9999-12-31,Y
574,M00496,白金,台南市,2020-01-01,2026-05-31,N
575,M00496,白金,台南市,2026-06-01,9999-12-31,Y
576,M00497,金卡,新北市,2020-01-01,2026-05-31,N
577,M00497,白金,新北市,2026-06-01,9999-12-31,Y
578,M00498,白金,台南市,2020-01-01,9999-12-31,Y
579,M00499,白金,台南市,2020-01-01,9999-12-31,Y
580,M00500,一般,新北市,2020-01-01,9999-12-31,Y
